permutation,permuted_r2,permuted_spearman
1,-0.27783790506739314,-0.0393629173916613
2,-0.16444495064289266,-0.08442562262844637
3,-0.3071163963177235,-0.02378774805565796
4,-0.2828504371006264,-0.017659715566997653
5,-0.3212338527101837,0.020846712537590583
6,-0.3536245841258583,-0.04851183327081172
7,-0.11895661865876139,-0.07243927342895454
8,-0.4499154306991151,-0.04112823882998435
9,-0.4682018254295153,-0.07792510564932971
10,-0.5429514542528235,-0.025840455155894972
11,-0.005051555406963004,0.03469515079532487
12,-0.14882385800981823,-0.04991625566154559
13,-0.4923906309122432,0.08491196118333849
14,-0.24640959053241862,0.025636251306797166
15,-0.28707978886095353,-0.07986337524556213
16,-0.3613497087536801,0.004132835860210019
17,-0.24338969986715342,-0.0007560543327208851
18,-0.4164512417865007,-0.03444568870538622
19,-0.37882646988822044,-0.013291086772462048
20,-0.2612777283136014,-0.042026652417504855
21,-0.28819299437099466,0.0658206516114005
22,-0.2652892303636296,-0.021696867337916127
23,-0.23438008606427063,0.020437888096845797
24,-0.34121856992840693,-0.03736755406619135
25,-0.24929232966942205,-0.04422188546956114
26,-0.17423736957454095,0.10789764652884618
27,-0.20482844193909844,-0.05035458547477226
28,-0.30623120109108815,0.07751519767795707
29,-0.20977129046640308,-0.011148446630112163
30,-0.35961585846298005,-0.002985793667849219
31,-0.3368654738503847,-0.05454276474551328
32,-0.24100490617756853,-0.08251635831363684
33,-0.45147678802755564,-0.026780793043862893
34,-0.5666840722035451,-0.05700271266480819
35,-0.44263554598849897,0.038736886734284326
36,-0.5061425961240082,-0.09610258215942759
37,-0.24440549356765962,0.11984057115471355
38,-0.30776221393255176,0.03457946306367273
39,-0.2950411604950114,-0.007409515827386313
40,-0.7277032226441915,-0.051450284985074174
41,-0.14030458747467334,0.027109352869635766
42,-0.22194132881521722,-0.10515623069183563
43,-0.22267322929304045,0.0058597336354987446
44,-0.3230064664065222,0.02112292949918655
45,-0.2568818505046542,0.04128768452930031
46,-0.11329051128311929,-0.04131577297711499
47,-0.2304865596517054,-0.020721356378797483
48,-0.47094120939136785,-0.07577171354921101
49,-0.6619013447153117,0.06634708079952364
50,-0.21728695273680532,-0.12164956721219058
51,-0.3149642331350879,-0.05562612867635949
52,-0.4744075560740608,-0.021905822052074576
53,-0.3351933365214961,0.011872495135056086
54,-0.36197469000938143,0.06637316888310227
55,-0.21130363961097998,-0.004816460337883562
56,-0.09920766764114752,-0.01028503941672272
57,-0.6257260065847234,0.03440734839086173
58,-0.3026928840164702,-0.0524436325252977
59,-0.5640891927792302,-0.04151264215734724
60,-0.23187001765197723,-0.017054355340059963
61,-0.26076433874640226,0.031118249495719896
62,-0.311503005447614,-0.046149069713985386
63,-0.3244074269586039,-0.15102141538132016
64,-0.330767277655607,0.04038927094177981
65,-0.32805856530503297,0.032906408425737964
66,-0.42209487490151165,-0.06479321453065412
67,-0.27718136686267547,0.06899406277489019
68,-0.29641714710816447,0.10356785813989408
69,-0.32310354869475577,0.04238946848082025
70,-0.4356458893989139,-0.07974627058924277
71,-0.2871927416575686,-0.05242196191274038
72,-0.2526900876535625,-0.023546370771173372
73,-0.5229118309061949,-0.0412085867934661
74,-0.2152485906955679,0.09860995538081908
75,-0.5735687750888145,-0.08284491813940972
76,-0.3410858579349212,0.02208552143928064
77,-0.29808806390688325,0.03883215408102669
78,-0.5229742986255148,-0.0989001748920675
79,-0.34951866640942875,0.07435053810800013
80,-0.2437175694378484,-0.07159445293325849
81,-0.19098802717395613,0.03979891344661257
82,-0.2821220084608502,-0.0075181189357024095
83,-0.5930278606634349,-0.06677199150266674
84,-0.26201250540872434,-0.034185808051718065
85,-0.2296271788439348,0.014000049197125683
86,-0.4289728372899413,-0.019885287476634195
87,-0.45365909032166196,0.027785309284404414
88,-0.45532426908672785,-0.02799326381644483
89,-0.24801604416058032,0.01196917940646566
90,-0.5706072100664985,-0.06550467741061283
91,-0.22793600658099522,-0.009548822029342765
92,-0.13628346333720986,0.07349871633747787
93,-0.20930419988678262,0.09675853493183563
94,-0.2550620063133635,0.012922936404517152
95,-0.6281349809738521,-0.05105296263868674
96,-0.26927660711200696,-0.0035355604387264056
97,-0.21878972259102136,-0.06339737703643333
98,-0.2360808048055909,0.0843886992385891
99,-0.2613427647071094,0.10299967134834317
100,-0.2914328096351022,-0.07645908870982716
101,-0.42229799638108223,-0.08566151433229217
102,-0.2428430620149986,-0.021823557072866605
103,-0.26225277596647745,-0.01836025979216787
104,-0.6796742207615518,0.0730347182267206
105,-0.3604948947056712,-0.0031898308199273502
106,-0.11189537458846899,-0.011844156641711902
107,-0.2802122407773555,0.012542200411587044
108,-0.058380653167602325,-0.02504272656825617
109,-0.15421561068552925,-0.06385129302099932
110,-0.3037713474772634,-0.06911066734015052
111,-0.4113917162760721,0.029676070230030393
112,-0.2769394478774687,0.04824045052278623
113,-0.22000735539871075,0.09297584616144597
114,-0.24043384609167417,0.006710471875393141
115,-0.4201448314768401,-0.06532614490254446
116,-0.2984540028318954,-0.004617424096395581
117,-0.7860500850934837,-0.07389145451582434
118,-0.4190612693858653,-0.060418334597880825
119,-0.27699944048929726,-0.035935876712741156
120,-0.28728751277560405,0.044148205386866264
121,-0.3466910422620475,-0.01619328188494592
122,-0.2931395191651509,-0.07535497100003183
123,-0.2210902952917706,0.08114777578213239
124,-0.08740734729959021,0.009641672269299887
125,-0.32672004090859286,-0.08730706396198112
126,-0.2715562783218779,-0.006775483713065095
127,-0.26160976356236065,0.023373922704323022
128,-0.22889903043646198,-0.007169638816078771
129,-0.449063237541397,-0.011081184382674643
130,-0.7190021399120738,-0.09900469392340162
131,-0.1566766528332264,0.07016669295977059
132,-0.3317521405549835,0.06630849043946965
133,-0.5165657264694854,0.03792823949185703
134,-0.46352376456881017,0.0279313358736368
135,-0.4956993321450709,0.08402421620507698
136,-0.2823798268060349,0.05796647148403998
137,-0.14399595186155145,-0.010974915032633948
138,-0.5392194065385569,0.029888442233092106
139,-0.3141426785413288,-0.0022639955726708634
140,-0.5611758334963011,-0.04502894909030156
141,-0.31640433490788444,-0.008453205867550675
142,-0.3254212189079235,0.0017182295302657971
143,-0.42709379287361515,-0.06268082989737465
144,-0.3987518048160532,0.027988012860325172
145,-0.29934710586379154,-0.0408801936647129
146,-0.260264521159012,-0.0695136573852068
147,-0.3560681114002493,0.010772378153732862
148,-0.557531645006208,-0.13640850459137158
149,-0.1669013750065096,-0.024148063663678283
150,-0.22712703408281398,0.021015826664047495
151,-0.2779005948545621,-0.03987742774287794
152,-0.47684380226125445,0.045978622011371095
153,-0.8604927433951002,-0.03455554204134985
154,-0.45916803572510223,0.025394790673802743
155,-0.4415130184606082,0.02695249097412472
156,-0.26494385583003477,0.007091874656401936
157,-0.4690973435144359,-0.09775221586609849
158,-0.29961178257756327,-0.006512019073474011
159,-0.23453991329047552,-0.011218876120923446
160,-0.40091171860443087,-0.04187220762877904
161,-0.3148595163334189,0.0059559178158493
162,-0.269816474224875,-0.08291451414512263
163,-0.32412632303531064,0.05515004198817719
164,-0.2451311324138028,0.034520368970199125
165,-0.2099230825510201,0.10089778862730302
166,-0.33777186315633156,0.02947911770128831
167,-0.5101513175528201,-0.07158078377764542
168,-0.18929841173449802,0.09664668123163593
169,-0.19122732110858331,-0.01632538927303572
170,-0.3224835189407891,-0.011869411240192161
171,-0.27128625402699424,-0.06182500739838026
172,-0.2758038488670922,-0.05828302912439649
173,-0.3952662300294938,-0.10334456748204389
174,-0.3221814505585121,-0.061683314931659336
175,-0.22591790439757276,0.09328415229932874
176,-0.2861543827640367,0.008990470361952486
177,-0.35249293858468356,-0.04709774245293689
178,-0.35869062894702886,0.014359531320047652
179,-0.2913242245099341,-0.015303703239468024
180,-0.32365813817223854,0.07225298950947144
181,-0.39302003345928904,-0.054685457394352224
182,-0.229687386502061,0.006625373046850751
183,-0.554587156487903,-0.052567988501972765
184,-0.33943258066146464,0.013231492587929423
185,-0.5453163831368737,0.019479046839694324
186,-0.31482057147015197,0.016008164844600523
187,-0.5984609712671323,-0.005845731085846324
188,-0.6234872234725595,0.038783228505753053
189,-0.3679352686446471,-0.0668158328188404
190,-0.28314960065089734,0.019972303320902808
191,-0.3327834877780096,-0.04661507123247755
192,-0.140118606786243,0.0005305966136149437
193,-0.5719866893447907,0.01671654382969531
194,-0.26274644487320287,-0.03955528575236242
195,-0.5030878120790072,-0.03173844575740836
196,-0.3127222173277613,0.017731561982476142
197,-0.275822273917131,-0.04448309969938666
198,-0.16518487176048668,-0.03386850027477304
199,-0.38111218629032706,0.039483856079433104
200,-0.14730059273722196,0.00857064391790937
201,-0.5784516557557822,0.03995510855404494
202,-0.15734517773314272,0.09422540702090484
203,-0.28408280799201435,-0.0008729089435107298
204,-0.19410406743902908,0.01204119251896382
205,-0.30260074367828316,0.002709660054763088
206,-0.19236291669261596,0.03074018065510454
207,-0.1672365414017607,-0.05969895360948771
208,-0.2887781674941958,0.015967490771800638
209,-0.23143875424967875,-0.009317529914548312
210,-0.3962886150010736,-0.019131566902188712
211,-0.5887135992797035,0.1415871975530017
212,-0.23150817813046776,-0.05535641289853072
213,-0.31001464601610196,-0.048371474380248164
214,-0.2538252510836172,0.018318168794700766
215,-0.2119165593478196,-0.01581963051535186
216,-0.30306681702328797,-0.10435275105701818
217,-0.3200057654341568,0.03178437078632792
218,-0.43460721805047275,0.03872063377486634
219,-0.4525608325098536,-0.013825517417529439
220,-0.12683508163994772,0.038248047724097144
221,-0.29786383979751774,0.04699364016415193
222,-0.24405265606693738,0.07643483429346494
223,-0.4744415342476729,0.07867382531318505
224,-0.5780300228084343,-0.048621769955285186
225,-0.4203019693825407,-0.05670307477194835
226,-0.2614755146629668,0.08019235181388419
227,-0.37017632608853734,-0.02662384779984201
228,-0.43679662433619515,0.03172936076983626
229,-0.31400197941535857,0.10532342780256633
230,-0.4034268688184155,-0.033640208706332685
231,-0.308965579598085,-0.023445935816821188
232,-0.43920566712683895,0.10644671566962392
233,-0.4692399300996164,-0.03258326625310442
234,-0.37402700486420315,-0.071627708988683
235,-0.6142354821612825,-0.007079205682906887
236,-0.37790933767499757,0.010859143952471971
237,-0.32384994844586945,0.1622677131619796
238,-0.31214655537297586,-0.043886074323432556
239,-0.22319800940822576,-0.07105227087677636
240,-0.33074427256743943,0.01453539667580127
241,-0.30577927590849807,-0.006194211205469962
242,-0.17789783196923237,-0.028949187875752055
243,-0.8202186459970091,-0.015936901868690883
244,-0.6246249244556359,-0.06083807769341411
245,-0.42089599815854295,-0.027775890902792966
246,-0.5753048217086663,-0.13298179730649076
247,-0.5351534001196143,-0.022471174994291063
248,-0.4235932506061193,7.259655206701476e-05
249,-0.5971946605523601,0.0030896459111046733
250,-0.3529457085568253,0.010566423985928507
251,-0.3247349760854734,0.07701635684658957
252,-0.39099867190788573,0.06540357566818196
253,-0.30206024420339794,0.0036276605420950065
254,-0.2293362543469577,0.2416549183708496
255,-0.23035808949936531,0.04057447133063504
256,-0.40516595237465514,0.0014876042035500336
257,-0.2556834615094865,0.02602832269706495
258,-0.563611029948663,-0.05194904246793184
259,-0.10130518633474983,0.05552002602333847
260,-0.20542555949222563,-0.024655989482617883
261,-0.3508175844396144,-0.05086534514304627
262,-0.17336717831492154,-0.04856034210353618
263,-0.21823885960698108,-0.04466479945082878
264,-0.33262444799430346,-0.07919742065197377
265,-0.31845111704684115,0.11330454771040682
266,-0.40271923814910515,-0.060107944747252166
267,-0.23504548565197858,0.01670920916082976
268,-0.29160053921215656,-0.1053724367263498
269,-0.320213622209673,0.04618590975533283
270,-0.3822534454493469,0.009792366375083083
271,-0.18733048158103704,0.02069643517435657
272,-0.07492005270470936,-0.040262247812789996
273,-0.23357908381548964,0.05916385617634163
274,-0.3555240997286373,0.00923568167788952
275,-0.2898960326925468,0.0730094605847415
276,-0.16620826322939242,0.10509955370514727
277,-0.3417555424846348,0.017185462546031732
278,-0.0826308744676989,-0.054489588396238006
279,-0.41034869698939436,0.019785519310360697
280,-0.37551173849732433,-0.00936387168601704
281,-0.4209492066510967,-0.03665242385179986
282,-0.4232792359664308,-0.050217393827582474
283,-0.42908233745646585,-0.026567504207192987
284,-0.08929652082029471,-0.0340570346040217
285,-0.264042374904512,-0.011262217346038082
286,-0.3412384382176801,-0.06127282352071784
287,-0.29778456067347814,0.0056703658211517205
288,-0.15579587599607958,-0.11241271865516335
289,-0.37240984032138535,-0.014238092541216836
290,-0.30241312488339345,-0.046017545765464435
291,-0.2648092654929701,0.04094295509261928
292,-0.36694282583839577,0.027296720319746733
293,-0.294527826365778,0.016498587476474594
294,-0.30511974521380236,-0.017676468617474655
295,-0.33207008995444465,-0.008716503810122088
296,-0.22580008819913022,-0.04283079884040101
297,-0.14941154265532774,0.028857587863442467
298,-0.33564876935987553,0.06697919589811864
299,-0.46705907139423863,0.02937801595885744
300,-0.9428318284290456,-0.08846269105085502
301,-0.29043584337453954,0.04808683921915878
302,-0.3932357577412282,0.03058956989783118
303,-0.26715338601858685,0.04148213660274731
304,-0.31554047606756996,-0.021127263621698013
305,-0.5105665711457965,-0.07118087762745307
306,-0.23382101107163655,0.059076423589523835
307,-0.30692346998487197,0.012222725573386276
308,-0.3660453035245661,-0.0732210824512147
309,-0.42372925144707607,0.04956894242105964
310,-0.33605017919335056,0.04158148802647164
311,-0.2493001126265353,0.07076555200294109
312,-0.3106711008957235,0.1081132691237915
313,-0.23487455117402511,-0.0225677759171908
314,-0.31206367702793125,-0.05306207846827961
315,-0.24435419217176957,0.04256900117100665
316,-0.5330557967113652,-0.004533075404441714
317,-0.32479461605907245,-0.024987133112195668
318,-0.34783054683062553,0.0559491875004832
319,-0.12096327984416377,-0.06285411144932335
320,-0.4040584670098304,0.11344248949418513
321,-0.5111624372564465,-0.040336928077602904
322,-0.4457369121433199,-0.09522033818281524
323,-0.2920802128371993,-0.024046295133168725
324,-0.44873088510292036,-0.02563441763958078
325,-0.22858012752280432,-0.024532300294021498
326,-0.5633199313950372,0.00456716494496457
327,-0.5254423925241187,-0.10105565070493208
328,-0.11216361220517657,0.1173137777305303
329,-0.32945440543630244,0.013560469156251474
330,-0.38318905955260396,0.03549346282253254
331,-0.2456362889470889,0.030050138342173634
332,-0.4456510533259319,0.03644913683631025
333,-0.2456949604786578,-0.07174723075178759
334,-0.43459864860709274,-0.028928434096802926
335,-0.4143053716666105,-0.04722876631039884
336,-0.33388697958404245,-0.13416717981337606
337,-0.23176394458683314,-0.09659467176149837
338,-0.3990883467909849,-0.029452779572180187
339,-0.19818581632809384,-0.04426222614832169
340,-0.18013880872080068,0.01596840760540883
341,-0.4680959623555523,-0.002730497182222048
342,-0.2854199363983734,-0.02114151621687994
343,-0.5585783989391366,0.007558876357012133
344,-0.6309918118366724,-0.09777296964504761
345,-0.21527096420114655,0.01746267968974573
346,-0.2657303364627073,0.018000944366265568
347,-0.4676840416664516,-0.0046363442081283155
348,-0.4459372783605162,-0.04703073025102888
349,-0.7100056850956686,0.06669131014514565
350,-0.25831257102209504,0.014485054175860424
351,-0.444455089189999,-0.08743842121348243
352,-0.2861962436921808,0.006536773580895254
353,-0.3342180373106989,-0.08452955822021167
354,-0.4341814170838234,0.028934935280570125
355,-0.5067985160805568,0.062496462993617774
356,-0.9822587797006566,0.09146298735941567
357,-0.5095071344402247,-0.07723222948706439
358,-0.34259407788072527,-0.025674925015361
359,-0.25970638743851726,0.09493303586941113
360,-0.7649339059688824,-0.004091161605292101
361,-1.0770164818787467,0.10008572409597244
362,-0.2763085807647596,0.009129412327848828
363,-0.15611224724056494,-0.03190197553370628
364,-0.3387171250496246,0.030608656706583585
365,-0.33817445709701355,-0.0101024228316724
366,-0.3192378456674154,0.0008672412448418927
367,-0.4600859941245661,-0.08544564169181736
368,-0.254310708359758,0.10293140891878762
369,-0.3689355163599468,0.018762082958086446
370,-0.25865884083468416,0.03637053919153505
371,-0.38172322631972033,-0.011330813169632976
372,-0.27508646402625714,-0.1660979105829757
373,-0.42429078527490516,0.06924160784910262
374,-0.327368131462352,-0.026800379943674315
375,-0.16445249576093213,-0.05443849575970864
376,-0.4303190103611938,-0.01677363755893286
377,-0.30130217061459885,-0.0031875804101617828
378,-0.314073264700812,-0.00023545954028624192
379,-0.16512401892191186,0.049076602773459356
380,-0.6130143444357057,0.009973482686956357
381,-0.25985497321127404,0.002925449346728073
382,-0.4067541516680713,0.0715267739432718
383,-0.21334095539341424,-0.004948234331934021
384,-0.2696297907541303,0.0011577941501296235
385,-0.3040657365297148,0.004773952597867284
386,-0.23008994570490393,0.07087507194486538
387,-0.31440473960477755,0.02907196023074024
388,-0.39211404029439634,0.01786808684158725
389,-0.41643662408163284,0.026825551193644742
390,-0.3138264923922691,-0.01819339607547652
391,-0.3273319913051467,-0.010729953762226421
392,-0.16873606489288662,0.049561774449213766
393,-0.5918315560240568,-0.035808020098652985
394,-0.4887023087644218,-0.02655275152095204
395,-0.265471609930511,0.01650825590361555
396,-0.17732511188203204,0.015068160350671947
397,-0.28391597680302083,0.04075842149184274
398,-0.3966767873137247,-0.04841756610618739
399,-0.5081303788067915,0.020091908432517232
400,-0.5123672838287918,0.04927605575749651
401,-0.16133218301249674,0.09822538535643655
402,-0.4116669634759773,0.019854948619053948
403,-0.4522362617983984,-0.09436551586593889
404,-0.26760925545440273,0.05516971223649844
405,-0.2803013290478398,-0.0689822272864935
406,-0.3557359158910751,0.0038155280832649846
407,-0.3375537253582581,0.0507965826224317
408,-0.3400952327477691,0.04860868423924096
409,-0.3582716057589703,0.00841219840071144
410,-0.3512773879022344,-0.08707993927267849
411,-0.7350087519317128,-0.025188253066429543
412,-0.24679489195153415,0.03952419675819365
413,-0.3422962802006828,-0.03399427317611532
414,-0.340463863295025,0.07426543927945774
415,-0.33184678271622703,-0.015800460358089616
416,-0.12549298476474235,0.042474650657872474
417,-0.29893477846355565,-0.037832555402565485
418,-0.46635511860523304,-0.023002938487043708
419,-0.4278709289693079,-0.0016781388970347592
420,-0.2973783773323724,-0.004877138053044051
421,-0.37364195764903685,0.035080137562256614
422,-0.28209875977419885,-0.025541067308564643
423,-0.62559585676692,-0.11857600756348421
424,-0.2633481173594854,-0.07231700116502536
425,-0.6252142731399359,0.048886151428484466
426,-0.1809048531594477,0.020044483130420645
427,-0.34479428225582276,-0.051652238424406416
428,-0.31246690135231914,0.02874640095132146
429,-0.6062458821700887,-0.019899039980757104
430,-0.674120404481904,-0.05185785919817143
431,-0.19575966179278792,0.10673918559063787
432,-0.7182546851122189,-0.0016568016785167845
433,-0.03658642249567112,-0.03445769089080258
434,-0.4447752816385604,-0.12003335625796385
435,-0.2650933467629233,0.011527682349865226
436,-0.2819808410075726,0.04886873158992878
437,-0.44683896878242524,0.021266372284614025
438,-0.4697330992019353,-0.09712235117726907
439,-0.5204941027637631,0.004467563475710744
440,-0.3655212729739086,-0.018063122354603108
441,-0.2989589853229835,-0.05219125323751478
442,-0.5383255351606953,0.048852812024550135
443,-0.1974411485157792,-0.12133801048242422
444,-0.1701887368390831,0.07115537298344328
445,-0.34790826856234247,0.0092993599394041
446,-0.4461951198312526,-0.02700199998896721
447,-0.2735298475119585,0.1909531030041012
448,-0.27893358309806726,-0.011128442987751563
449,-0.30927855766619006,0.05819392956738199
450,-0.4153626166838935,-0.011178868836202243
451,-0.11207916232383108,0.023574959310047064
452,-0.335965594896255,-0.0837177437344106
453,-0.2077556699653913,0.08536429354621759
454,-0.2611381015806624,-0.1279208757892587
455,-0.4389373304627966,-0.12521830035783166
456,-0.2132432796906154,0.03362045510950158
457,-0.3719658954272773,-0.03457387871351374
458,-0.46903957878111924,-0.07284693099056162
459,-0.15009105398721623,0.02162893830239992
460,-0.21392627215212134,0.03599138682029183
461,-0.2951434958280761,-0.09879690608838089
462,-0.2410060472589961,-0.04135928089924929
463,-0.2670198472806429,-0.01997738758000279
464,-0.38620878579707263,-0.08135189628272037
465,-0.25327671326880363,-0.037202524016716386
466,-0.29448731936022976,-0.07877484370710608
467,-0.12730693645453295,0.09263945157574853
468,-0.3985868266787804,0.019504634832213923
469,-0.4048917553722893,-0.06530172378916256
470,-0.42334211704003,-0.06690651599754179
471,-0.35474493609961644,-0.029134805007156466
472,-0.3350081887224483,-0.06908849663653419
473,-0.1810415843048696,0.033794570146548644
474,-0.24108923968440488,-0.012503526703023215
475,-0.4468266057824728,0.08982902317259392
476,-0.1936143872735192,-0.024720751274760328
477,-0.16590407218736525,-0.08724538606470261
478,-0.32299855337118233,-0.032395565408954115
479,-0.4162401822487092,-0.014564568654243812
480,-0.141703564474972,0.011624283272764963
481,-0.20742509063048686,-0.01760620582368304
482,-0.21290772804572633,0.0415202268717423
483,-0.14213585740251866,-0.055730897753223145
484,-0.3590296993922817,-0.07932736097880785
485,-0.22630975421314914,0.007499615566518853
486,-0.26799870094854494,0.009385375601554684
487,-0.5123999351581494,-0.026943405986552614
488,-0.282188665272066,-0.009092822332030895
489,-0.402647349147949,0.005145020163656434
490,-0.22529072328748212,0.06766790463489217
491,-0.2552280957771289,0.04929122518628664
492,-0.2728844848581329,-0.09055965620981486
493,-0.37629981560604575,0.026955074777929633
494,-0.21807449911627708,-0.03997586233299405
495,-0.5315442214444583,0.05918877738078255
496,-0.5312620008977587,0.023248149802980744
497,-0.4346023082032915,0.052615997243638205
498,-0.4176420614875589,0.0070269461672398175
499,-0.28710053067055163,-0.004102663699649446
500,-0.3328545137132808,-0.04917512071208532
501,-0.23182960370120176,-0.01775506626224985
502,-0.48946794700522833,-0.07548941214639704
503,-0.32939904195120717,0.006536606883875583
504,-0.3696472705256699,0.004218184734281917
505,-0.2008527229071153,0.07407048711495172
506,-0.3637125058473216,-0.06904057124337858
507,-0.16406578008053918,0.014885543765621624
508,-0.27835762255945595,0.1006828328204364
509,-0.3805541858029242,-0.027278967087151697
510,-0.10650677002583686,0.08047715367199325
511,-0.4358378873045228,-0.06581915133822344
512,-0.13397274843350093,0.043617358727721815
513,-0.40090922353642355,0.050775662146462903
514,-0.3905763704788756,-0.0011048678463838667
515,-0.1196434090601588,0.029117551865620445
516,-0.6787193512722838,-0.008035046393704276
517,-0.31360449969495674,0.047099742817172954
518,-0.3004861747456158,-0.03338449547815633
519,-0.39027295763488934,0.0401859839262902
520,-0.41726485569218275,0.015238358007756726
521,-0.2279352776627228,0.0988289952646677
522,-0.5635428689840336,-0.06565362119768947
523,-0.6328293181839761,-0.0969249819059778
524,-0.2755891525422325,-0.025368785938733967
525,-0.21557245844604567,0.00473719590502968
526,-0.2660654308144843,-0.058587334533807135
527,-0.2776381061066313,-0.04449693555201941
528,-0.4763021147829072,0.07315998799350501
529,-0.4265279256652108,0.14360331465742077
530,-0.552554783355045,-0.03711725849115433
531,-0.3878402564240393,0.007846178670416268
532,-0.26898833448474435,0.07165421381481078
533,-0.40371094463411183,0.07684532570440644
534,-0.4900795320351963,0.05266700653165774
535,-0.27071928281465407,0.03241023474668522
536,-0.23918517152876317,0.03624976720078293
537,-0.22914120542966643,0.03948727336833638
538,-0.5358249622380127,0.07302437996800212
539,-0.4504549319245226,-0.04429056464166588
540,-0.44549227684411363,-0.08058083921822902
541,-0.31269720294453385,0.051571723763904995
542,-0.37463880074638034,-0.0550807793765036
543,-0.220271903227099,0.00909990695536694
544,-0.22167514573947722,0.03069208856492926
545,-0.38679287233078763,0.04655464356284657
546,-0.2777791281247002,-0.02182530739157315
547,-0.11025308661792388,0.09438076864323885
548,-0.2437944685071718,0.009855211151499304
549,-0.3554587756992702,-0.01142666395594419
550,-0.39685348977674106,-0.09727904637576044
551,-0.408578856325321,-0.007648726050615168
552,-0.11583266253310831,0.00783751042539334
553,-0.3567637553897629,-0.05260632881649725
554,-0.11016469722118316,0.04910219076597895
555,-0.2611012341464072,-0.020419968167231094
556,-0.2603147182582699,0.15493654493383896
557,-0.4834985151868101,0.028258728820271972
558,-0.2666546904205529,0.0032242537544895514
559,-0.30772696461848525,-0.06030698098874014
560,-0.4352039576924258,0.02841017306264369
561,-0.3677780901839025,0.010554588497531818
562,-0.3491368241621664,0.07006725818753644
563,-0.2682047614830001,-0.043284714824966986
564,-0.558937532991163,0.022366989356996266
565,-0.32890421709574946,-0.01284542229036982
566,-0.29739198280402657,0.08185082046259767
567,-0.18295869642678486,-0.07617903771677874
568,-0.35225810789627476,-0.025534649473307285
569,-0.25827437319127,-0.00012610629538162266
570,-0.24341203437773884,-0.034000607662862836
571,-0.8452705449807145,-0.1109264480277707
572,-0.5442123711814142,-0.02693565457513788
573,-0.35594480269611073,0.021433986137893896
574,-0.4627961004470764,0.06529072178586423
575,-0.3367204564511761,-0.059125265816287645
576,-0.4732262836571264,0.059487665137053856
577,-0.3327278963100291,0.12747954542967793
578,-0.3984732068498569,-0.05934363891205754
579,-0.16167518204885623,0.0202716078197233
580,-0.1355708395416626,0.028810079212836036
581,-0.2106089825441928,-0.026066162920530423
582,-0.20164624742216009,0.05100845453443441
583,-0.3528229218285521,-0.043553430420677726
584,-0.39863351851182394,-0.008079721194976285
585,-0.20214891653895117,-0.005522505564702945
586,-0.22305243946607844,-0.0804896559484686
587,-0.29796938086160996,-0.06176007890921814
588,-0.2766412008314436,0.09328381890528939
589,-0.334556701883592,-0.08890635516871119
590,-0.44732227999840757,0.02292659125203408
591,-0.22717012752277066,-0.026012153086156797
592,-0.31261528055927057,-0.006158954785809402
593,-0.2605702545117925,-0.0626372386267305
594,-0.1397124937506513,0.03635928714270722
595,-0.21532542354896256,0.059582265695717535
596,-0.22731041990923684,0.026199937278816938
597,-0.22691204810766896,0.01760128826160273
598,-0.14270657496638228,-0.05171158256340953
599,-0.24424500871243282,0.0990851252353932
600,-0.36627777423633745,0.05764266252332775
601,-0.14085176221989903,0.04613298345158707
602,-0.13801189023594773,0.06188993588754238
603,-0.13513557058914327,0.009938142918785963
604,-0.24918037996801878,0.018318168794700766
605,-0.2673870137378125,-0.003061640811799832
606,-0.539031052557978,-0.11321586489594149
607,-0.35710953517885247,0.020433137231785158
608,-0.14751970631328848,0.01806345574864245
609,-0.42427615431865906,-0.0257381865343264
610,-0.6794306630262967,-0.023274821326128212
611,-0.3117352106611313,-0.011642786641948519
612,-0.901302099300775,0.03280872397221036
613,-0.45805520502746666,-0.00041124154753002394
614,-0.3866183451209011,-0.08559141823552024
615,-0.3665301405035899,-0.04842181688018901
616,-0.3542306926875567,-0.032680283918553335
617,-0.37672742701234907,-0.028815830260014712
618,-0.2597345882517741,-0.013920284673212786
619,-0.2588717591877896,-0.0177809876488088
620,-0.1484308656831166,0.00848871233274074
621,-0.14206618575879704,0.07802170657222945
622,-0.2640558216511899,0.028738316145867384
623,-0.27712859367185727,0.04918903991322791
624,-0.4461623332670053,-0.05688602475103802
625,-0.12106728975112713,0.02507898317003476
626,-0.32951604207025054,-0.161083497534232
627,-0.49903090356522584,-0.1256467950468977
628,-0.22424306384230297,0.052707930649987134
629,-0.33059193542556864,0.011195871932208756
630,-0.3282850675482982,-0.023701065605428687
631,-0.5997690419748412,0.11542268339086498
632,-0.22032994338659484,0.030866370298995992
633,-0.4599568206735134,-0.01373975180090836
634,-0.4388269835688534,-0.056030035555023956
635,-0.4914008681672064,0.10769794349927951
636,-0.38913638063721123,-0.11336680904725419
637,-0.3007509944305953,-0.04595670135328427
638,-0.42216836872830665,0.010801216738136062
639,-0.40769558115617577,0.06775283676641489
640,-0.41460471353851513,0.051914702881879465
641,-0.12246631016069287,-0.0026591508578025706
642,-0.3800163880461356,0.03103606786502176
643,-0.5333014058072996,-0.018753414713063517
644,-0.7697849510336063,-0.11103155049867368
645,-0.26862280283819495,-0.113094259420091
646,-0.4708513072913676,0.010021824822661144
647,-0.2756427049176071,-0.0003163075948270046
648,-0.23596118914137088,-0.07883943880222885
649,-0.294279755917086,0.008086889166822167
650,-0.3505176928974707,-0.028678138521765907
651,-0.12271527721398878,0.04497818984781154
652,-0.39760948748380986,-0.04780445446783496
653,-0.5293710540027161,0.021562842934100105
654,-0.5763065211690934,-0.029562466211124145
655,-0.2363744301971935,0.058659514343324975
656,-0.13314446798914137,0.022880999617153876
657,-0.320508181250595,0.02169003276010959
658,-0.3887697374015675,-0.012170382709209372
659,-0.35266572651450945,0.06958917113511806
660,-0.3661747867714613,-0.0069708526201202985
661,-0.30568389293331344,0.012766407903045446
662,-0.6294523203789404,0.0495174330419811
663,-0.6743741677677928,-0.03583052419630866
664,-0.31422142733261493,0.11855075296500396
665,-0.9358950105734118,0.04250557295502157
666,-0.21960306351313985,0.0656231989915994
667,-0.5435611379317775,-0.01760328862583879
668,-0.157535589964924,0.07169788843396477
669,-0.2764990991095704,-0.07086031925862443
670,-0.20082502783099176,0.016803392976944255
671,-0.497294125657866,0.029629645110051832
672,-0.06448339894787036,-0.07605876581708562
673,-0.29913033234277053,0.013832185298316306
674,-0.3037509568886385,-0.018781669857897868
675,-0.2509987672571101,-0.03167610107205116
676,-0.4063243149006184,-0.05652679267364555
677,-0.31803624006910636,-0.03990418261453523
678,-0.3442553604278167,0.03092146366399748
679,-0.6657240996885789,-0.07187342039567902
680,-0.47848931974264897,-0.03727028635521292
681,-0.41300111694521746,-0.017908594217367468
682,-0.4304635298352635,-0.013539798725812187
683,-0.24517290608440323,0.03728220519211945
684,-0.4782387971783255,0.1047812457460842
685,-0.3100429412736416,0.030423206272198845
686,-0.27964197539941504,-0.014602908968768298
687,-0.48959244958168013,0.0010021824822661143
688,-0.4554262360893575,-0.06098493776774485
689,-0.3297436617857401,-0.0034843844536872007
690,-0.5480959606890625,-0.015795042704950288
691,-0.35644146514291486,-0.06375785934147334
692,-0.5494684872287268,-0.0182470725158108
693,-0.39745420579754165,-0.09702783396711523
694,-0.29658821301104377,0.03423014945895074
695,-0.24366739645440427,0.06959217168147216
696,-0.24774765969455737,-0.05702846735434746
697,-0.591306710220781,0.01571727854527345
698,-0.22548748488405046,0.044043102915963264
699,-0.12401349523106164,0.06128349212997682
700,-0.10480388176308297,-0.10882864938371249
701,-0.18626353011884667,0.05722775364136495
702,-0.3817259190312261,0.0037681027811683927
703,-0.27776867123221627,0.025620665135457868
704,-0.3180511393247776,-0.032774217689138324
705,-0.17833208817234447,0.03795874504645694
706,-0.4398475845035843,0.0855731649118662
707,-0.3906581696877085,0.043689038446180634
708,-0.18887732337983998,0.033143868330260264
709,-0.6989354207781444,0.08623920285396439
710,-0.5418430584415337,-0.07352655473976305
711,-0.28437090624380845,0.009770195671466747
712,-0.6418734114345119,-0.0467949373167033
713,-0.28344946956106387,0.013225241449691734
714,-0.1652162326497455,0.010578426171344869
715,-0.3961252786628746,-0.013836936163376948
716,-0.33348093461023454,0.01983827891708678
717,-0.4059983275265855,0.032730959812533524
718,-0.29459622751509684,0.023617383701553505
719,-0.2368480460305471,0.02307278453828614
720,-0.29794120560325865,0.040633148681559476
721,-0.28795451047823395,-0.014289268526256041
722,-0.8893083556693155,-0.002938535062772299
723,-0.031508844554280824,0.07912990835900675
724,-0.351742432279988,0.010527666928854842
725,-0.2844737817767906,-0.012141127382256992
726,-0.47600366659406124,-0.04227803152316974
727,-0.3360300350894625,-0.05619464886194975
728,-0.34304963245406905,0.011959344282305029
729,-0.37876262746825584,-0.023871263262513463
730,-0.3190227800390102,0.05314717729682201
731,-0.2679123694924608,-0.02475250705700778
732,-0.609147986397752,0.06603577411528679
733,-0.39066047715692354,0.06637950336984978
734,-0.39414658459422536,-0.04300266346768251
735,-0.3275485093842012,0.07917825049471154
736,-0.16514445160681235,-0.021628688256870414
737,-0.31451840735336,-0.05374411932426628
738,-0.37433602060082927,0.07217864263869787
739,-0.3723392847019815,-0.0022654124973380727
740,-0.5373486228919135,-0.06893205148357232
741,-0.2620947766158934,0.06554043392133241
742,-0.29598865169666344,-0.08555257782993675
743,-0.41012126877858,0.012836503999817388
744,-0.507348306447309,0.019892872191029254
745,-0.19273179847779387,-0.019510969318961444
746,-0.48373960994009857,0.09827114368833641
747,-0.2259145907245621,0.017210800493021827
748,-0.47904567945903875,0.05595935601868317
749,-0.42838723271806955,-0.07254387580879852
750,-0.24491551993553107,-0.015960489496974425
751,-0.45013535564494855,-0.04372229450160513
752,-0.45521646137076677,-0.08756769475223779
753,-0.05499951011558779,0.03491119013281937
754,-0.3041178863963101,0.033936679355818754
755,-0.43871668453186285,0.0023227562721051293
756,-0.5571965678133477,0.011731719501943355
757,-0.3574037214233259,-0.12100686685284644
758,-0.1831241055260493,0.040301671657942344
759,-0.3594536507342636,0.0245923112211033
760,-0.33647239714960775,0.020402548328675402
761,-0.3807666586597993,-0.13869117023024566
762,-0.2029710726299967,0.05904733495959113
763,-0.5273277222464714,0.07596316507630393
764,-0.22802336835188064,-0.02719778563857159
765,-0.42080913470001535,-0.10509671985581286
766,-0.20469001128073572,0.00444422589295671
767,-0.13307721940273565,0.12011070367509151
768,-0.23996939279328955,0.05648820231359156
769,-0.4870789228879291,-0.06340104437086612
770,-0.153163442801582,0.11039660155074428
771,-0.27104363185384317,-0.0900573980895441
772,-0.2918895520241711,0.05743745849211192
773,-0.25702912020665925,0.05427696634764678
774,-0.1430381160224734,0.03445769089080258
775,-0.3034872241586881,-0.010219444139481913
776,-0.2655923361711019,-0.04616773978018862
777,-0.3102401599475286,-0.08640256593324261
778,-0.1741629744872113,0.018464612126482337
779,-0.26008237188519856,-0.09523600770266438
780,-0.3999365631900871,0.025791696277641007
781,-0.29249970720633,0.0504979449116899
782,-0.27833904893040495,-0.009585828767709876
783,-0.20223197064845055,0.10145589024916378
784,-0.39913128134774434,-0.07875267300348976
785,-0.21928060243446268,-0.03009931396297678
786,-0.22923881770611154,-0.057203832619042064
787,-0.3074513606573799,-0.01716470876708261
788,-0.2239294659113047,0.0165220917562483
789,-0.3812012589140348,-0.055790658634775434
790,-0.3432671179143745,0.037239530755083496
791,-0.8076191048446124,-0.01926175727455229
792,-0.44235339533148266,-0.0288332500985704
793,-0.19750239278137838,-0.008140648955666283
794,-0.4581370318961844,0.047955565316167334
795,-0.24037977658151366,0.06035465633636625
796,-0.5362691197133924,-0.034989454383555225
797,-0.5509815667467093,-0.024699247359222683
798,-0.17353449868801096,-0.06328210604733038
799,-0.2797290916444588,-0.004603254849723489
800,-0.28350599698421974,-0.002567217451453642
801,-0.3372897202651499,0.04072149810198547
802,-0.32924805306954275,0.02536253480049628
803,-0.3330163459350155,0.0862976301593593
804,-0.15706560753244037,-0.020165088424153103
805,-0.2754801299827274,-0.12681400757863878
806,-0.24810269187288414,0.009946644466789218
807,-0.3007779043818699,-0.07193434815636904
808,-0.3943290465214475,-0.01903046515975784
809,-0.2970688477305681,0.04540410073307267
810,-0.4374519727955659,-0.1575546883248023
811,-0.3064187209348126,0.02365997479007962
812,-0.35379766299467197,-0.04823411603603871
813,-0.25891595836790016,-0.037045995515244685
814,-0.5461931087233427,-0.06361883402706717
815,-0.07498764127535251,0.15778431346940006
816,-0.15826613315458626,-0.008279507573052788
817,-0.2806411561659443,0.10451453051460953
818,-0.18718103717335755,0.052880712110876825
819,-0.13071366580732935,0.01756461491727496
820,-0.4327502888627235,0.0032063338248748464
821,-0.1941878700202233,0.10512922577464882
822,-0.4402948620001028,-0.020788785323254677
823,-0.2733998502337085,-0.07056384860913836
824,-0.3005417759983342,0.035847277246785665
825,-0.40118976986186206,0.07420842889873003
826,-0.5407666131983628,-0.0057354610073335095
827,-0.2833061680945934,0.11164982974463594
828,-0.5444725342470724,0.026996915729867222
829,-0.4429338307810291,0.09662834455947206
830,-0.316515350889101,-0.005531673900784886
831,-0.4260902784455298,-0.08529136360011123
832,-0.5272432877078668,0.1030044222134038
833,-0.41433983051749945,-0.03434442026593567
834,-0.4770320024481054,-0.0775803762126487
835,-0.3830021197205786,-0.09681571200958301
836,-0.14729466025820837,0.061207228243477026
837,-0.2951102242908288,0.03110999799324615
838,-0.17842672054224784,-0.039136209444907824
839,-0.3634980859735446,-0.01242851304417096
840,-0.1914444371931503,-0.009026310221181895
841,-0.6695243868110186,0.02852552740025649
842,-0.2394224409054604,-0.09078002966982082
843,-0.37906582540917544,-0.1000221291829677
844,-0.44131720041779676,-0.017226720058400473
845,-0.23959456705388749,-0.07551099941044451
846,-0.36666140693587734,-0.01076220963553289
847,-0.225319380549583,0.04477932030334322
848,-0.07860065430447394,0.0320257480708125
849,-0.39715308787486636,-0.011192454643305486
850,-0.45055992660299604,-0.0360073897341803
851,-0.2903822925306341,0.02527801941152274
852,-0.3091616750622963,0.0832358226505398
853,-0.46289881251353293,0.09018367108194542
854,-0.4348357905827316,0.07191092722510516
855,-0.2256633456843824,-0.04679760446901804
856,-0.46489079728230975,-0.015516241939549409
857,-0.2929083754966004,-0.025620415089928357
858,-0.3857888355122532,0.009807285758343696
859,-0.38101978326918284,-0.02713210701282095
860,-0.1721124589984906,-0.016976174437833946
861,-0.239048854810191,-0.08685923241863318
862,-0.19478653327854523,0.05557245223602522
863,-0.2620887029140513,-0.048501748101121574
864,-0.24072500816716635,-0.018887022374330365
865,-0.29976229146212274,-0.032892489224595374
866,-0.38348565786960065,0.012425762543346376
867,-0.5758507727394018,0.13740977024002948
868,-0.32414372947251535,-0.0076730638154872315
869,-0.1843806462776072,-0.009533735949062476
870,-0.3012684866166362,-0.01695458717378646
871,-0.27564558439236486,-0.0011861326434738086
872,-0.5223570255237595,-0.00046591816998233355
873,-0.3998796489774987,-0.03223161889010702
874,-0.28374479667991115,-0.07472052214316141
875,-0.3127110212774724,-0.003810527172674835
876,-0.24787129407901953,-0.05892631292330949
877,-0.5446927167351443,-0.007015110678843128
878,-0.25825208344778394,-0.020663595861481244
879,-0.4938421003101363,0.051001203214078694
880,-0.26362135370123796,-0.04563080867982615
881,-0.23732893490533225,-0.010436066916545257
882,-0.29055185155029073,-0.11633677134621426
883,-0.2865396254571224,0.03307810635599979
884,-0.2754493488635419,-0.05088576552795605
885,-0.2166919831870755,-0.0054256545962737
886,-0.2307861253144814,0.044441842187017924
887,-0.4020183249456928,-0.0710414355704977
888,-0.22075229739494162,-0.017992942909321328
889,-0.2653766916352305,-0.09356712049022141
890,-0.34585394305005224,0.01278316095352245
891,-0.299260344103915,-0.07077872106749515
892,-0.38817966352215194,-0.03528650847261015
893,-0.18324305253684514,0.06652494651951332
894,-0.4708084738104714,0.08468667016125221
895,-0.37963303437289264,-0.06325760158543864
896,-0.18226758652788,-0.06561986505120596
897,-0.2772876839649019,0.04589977432106639
898,-0.39424433360420497,0.04592186167617289
899,-0.416727167733167,-0.04508737639569649
900,-0.19216401190726917,-0.0628914515817298
901,-0.20607582753490972,-0.018457860897185634
902,-0.3007596447137151,-0.07511067651770298
903,-0.45941192098100725,-0.020978653228660715
904,-0.7700441097009743,-0.07935319901685695
905,-0.30548580982604534,0.08688757091197737
906,-0.291060539629977,0.01198334865313775
907,-0.20231763770142774,-0.05090435224564945
908,-0.1913344615363719,0.09794775147017339
909,-0.30469869534611926,0.0076963180497314305
910,-0.4753757378134562,0.0746715965678878
911,-0.23910352500548893,-0.044237805034939785
912,-0.24647440119817965,-0.013065462356336432
913,-0.3588815602511457,-0.06669064335706697
914,-0.43877992306993874,-0.002984460091691846
915,-0.5959746266907113,0.008573061024694609
916,-0.21734895768751739,-0.0482927100384533
917,-0.24608126682522768,0.032663030777017314
918,-0.14509631376531518,-0.05406726149689982
919,-0.49319963849939263,-0.037074750751138044
920,-0.30912597741949477,-0.013370934644884779
921,-0.38731967860780436,0.002192565899741551
922,-0.19172377591155865,0.01635072722002582
923,-0.37367559193874333,0.012129375242370137
924,-0.2556709152185528,0.05326144810380694
925,-0.1811806923804169,-0.08166912071115556
926,-0.16067046739829394,-0.034690816672813415
927,-0.3478269892588681,0.0032446741393993314
928,-0.3963733957455542,0.023347834620744405
929,-0.24653808805867272,0.040643817290818465
930,-0.24501372481548978,0.04644654054558949
931,-0.3144272780121218,-0.06024571983401081
932,-0.5905349650436258,0.033591283131059045
933,-0.2632151041299893,-0.08633271988200018
934,-0.4055267641101308,-0.018303332759949994
935,-0.38501621875119696,-0.0869788375302476
936,-0.3014735213425601,-0.1180243237768808
937,-0.4300280664202849,0.004141504105232947
938,-0.28239222755846294,-0.07060727318276282
939,-0.5766790217362214,-0.08192775113717615
940,-0.3962262003199246,0.0003213918539269907
941,-0.25485450690236555,0.029065042304423867
942,-0.3805850240856885,0.005292463677556031
943,-0.4895254653476766,-0.08644615720388676
944,-0.18100272168221432,0.05799447658334483
945,-0.16702754662992692,0.027691876758852832
946,-0.49366666642124435,0.002073460879186138
947,-0.2580318890256188,0.01831258444454177
948,-0.26950054348594055,-0.04607964040529214
949,-0.3018793849067558,-0.03844775075366381
950,-0.2562718203288912,0.006440839446074206
951,-0.6273911977820745,0.0468991229539981
952,-0.6335622875493128,-0.06549675930217842
953,-0.20699807239093215,0.010325880186542279
954,-0.27359762082711003,-0.09196807932902085
955,-0.5480879377591197,-0.013620313386313606
956,-0.3808862151653276,0.004790288905795108
957,-0.2572173409029499,-0.09532702427540513
958,-0.1448108817330862,-0.007615053252641489
959,-0.43090964736790305,0.06430187506517186
960,-0.39097145432502,0.18297506699112467
961,-0.3865229632010987,0.02330007592460847
962,-0.5034298388870717,-0.05399483164185248
963,-0.4086357782239476,-0.010898151055075142
964,-0.17963811734316937,0.09621126861625352
965,-0.6150923079432056,-0.02482593709417315
966,-0.20368953461556116,0.033304397560204084
967,-0.40171883640828865,0.008336434605270665
968,-0.4227169392525518,0.07514426596716682
969,-0.33731235564742423,-0.06130149540810136
970,-0.3747312756668655,-0.053881561016985574
971,-0.33835390584551783,-0.002474367211496518
972,-0.29316793045876577,0.03717701937270662
973,-0.6760126030543956,0.06891829897944941
974,-0.2765792616132039,0.009692264814770238
975,-0.3002444848982806,0.098373412309905
976,-0.18386936725222358,-0.01285484067198127
977,-0.37857713240916624,-0.0809899137045033
978,-0.3993512367185845,-0.028209053108409814
979,-0.2883077767094564,-0.027124605646935727
980,-0.33358202833368344,-0.07431869897724283
981,-0.5864090734116045,-0.001239308992749073
982,-0.16347857198100257,0.03281430832236936
983,-0.43987558174240715,0.06938496728602025
984,-0.23264911491567308,-0.05894998390010287
985,-0.4731255847950031,0.006589866581660684
986,-0.4211825605317918,-0.06416493346351157
987,-0.5539391641518863,0.00535897578840503
988,-0.5718737241494793,-0.015833132973945268
989,-0.37459153645122534,-0.03415455236052964
990,-0.2845287512914565,0.021341552640485952
991,-0.25611620854769,-0.05081933676561689
992,-0.44526443954072215,0.010630018898933252
993,-0.3899018292596814,0.08410664788130463
994,-0.27755773893409685,-0.06581173332084805
995,-0.556506623910267,0.06292162374229038
996,-0.3900039854397219,0.03214568657646627
997,-0.38121757991381955,-0.018959868971926884
998,-0.07767289534882016,0.13039891033518797
999,-0.4885415895464964,-0.12393156606298597
1000,-0.3148704464998573,0.09733105584589802
